244.64,212.21,228.13,213.85,68.66,246.97,195.19,129.63,205.67,257.09,261.43,113.47,53.06,82.51,189.94,164.62,158.40,104.93,41.19,104.28,213.73,194.16,97.46,236.14,288.52,90.72,240.27,240.20,169.64,22.81,102.39,30.95,134.42,179.32,142.55,214.31,85.83,41.85,67.30,94.85,88.12,163.76,271.47,119.83,43.63,249.59,24.53,164.35,246.53,178.60,280.45,28.40,283.71,229.92,111.72,195.75,177.36,274.93,135.59,47.85,39.23,135.82,295.99,193.29,227.71,289.50,205.68,188.55,72.76,101.08,266.38,162.17,261.82,24.43,161.68,108.28,98.54,261.07,254.70,270.88,140.26,289.24,109.78,296.97,232.00,203.22,269.49,196.85,137.59,121.17,59.39,154.59,241.07,58.56,279.67,81.69,288.99,147.89,58.81,51.39
205.42,247.04,36.05,276.40,30.78,172.60,164.37,245.55,182.93,114.33,182.49,286.35,54.36,203.88,67.08,77.28,292.30,251.27,275.11,62.54,135.67,234.76,201.50,62.29,142.96,87.96,114.65,275.64,88.95,125.28,164.91,39.88,268.85,150.00,120.86,153.70,208.97,191.17,181.66,105.43,141.75,215.24,264.63,58.27,255.04,243.09,227.89,149.85,177.83,153.92,163.14,192.64,158.05,175.72,205.33,96.07,220.25,291.68,74.90,277.18,138.68,276.41,137.42,220.00,176.17,229.95,216.41,288.53,100.93,280.40,90.65,240.19,157.11,40.19,29.68,165.71,29.72,284.99,66.22,155.82,125.69,166.87,78.37,262.58,23.58,180.03,117.24,79.98,79.81,71.39,188.74,269.61,131.37,66.15,34.73,249.30,82.25,225.86,168.30,198.30
181.28,286.54,48.69,204.32,52.18,74.36,208.73,193.30,156.06,236.53,213.85,36.43,203.25,128.40,151.94,166.56,113.85,145.45,177.12,36.53,180.46,117.46,180.31,144.66,71.30,50.55,264.94,130.68,192.51,43.84,135.11,218.09,291.32,175.45,69.12,23.55,119.17,133.70,159.53,21.12,222.61,203.45,25.02,113.41,123.05,99.50,102.91,141.39,216.61,209.22,134.89,193.90,39.56,235.44,143.62,45.11,124.63,218.34,54.52,248.13,218.30,43.28,294.01,284.19,57.00,76.81,117.26,297.12,217.52,276.07,97.26,263.60,50.93,298.74,49.86,142.16,249.56,258.29,261.66,100.28,204.94,78.86,158.37,257.44,134.81,50.78,26.67,271.97,54.54,265.29,46.27,87.66,223.93,68.92,267.36,82.99,123.07,262.75,116.02,184.82
110.70,154.02,151.73,153.19,122.73,222.31,116.02,58.16,187.26,97.87,30.85,32.65,156.64,291.10,41.79,112.77,30.99,196.78,181.97,99.35,232.75,28.16,55.20,36.28,114.66,161.48,101.13,108.15,180.67,87.50,97.68,272.40,223.69,161.36,217.09,143.58,275.43,69.42,67.87,36.64,70.40,81.73,260.97,162.38,77.64,258.47,41.29,99.53,282.79,291.16,123.70,245.32,63.65,269.51,241.90,204.38,254.56,177.50,113.07,206.19,205.95,182.36,240.43,34.96,198.93,181.50,81.76,44.42,151.57,91.13,236.30,157.31,289.27,287.61,266.77,196.33,187.61,81.02,220.88,276.03,107.78,256.16,134.88,287.38,131.58,236.26,246.71,219.16,127.09,63.69,48.02,46.22,235.46,126.72,126.49,76.49,80.07,126.65,79.38,197.56
258.36,209.97,103.03,110.21,192.50,193.08,230.30,282.12,83.20,101.25,221.73,53.76,87.64,84.52,79.57,217.32,74.06,260.79,177.32,165.24,128.70,85.82,64.89,75.07,282.22,193.81,155.93,27.17,284.84,229.96,71.97,135.21,196.72,69.16,156.42,219.03,61.72,89.93,157.91,215.24,177.24,79.37,250.58,165.85,51.24,83.42,291.08,214.83,113.12,88.14,150.14,64.97,85.17,214.98,259.09,37.38,185.98,186.44,127.15,239.69,159.91,60.08,196.09,188.10,298.06,81.42,189.79,180.22,110.65,234.02,124.17,204.71,130.69,242.14,299.41,212.70,238.94,36.07,269.85,253.25,58.81,192.77,262.03,196.25,267.05,218.91,143.14,288.08,278.33,38.56,64.95,182.18,193.24,271.85,63.40,125.95,293.76,260.83,274.40,28.85
81.62,149.69,264.64,144.97,64.99,191.70,270.21,39.04,158.78,294.44,41.22,132.77,81.23,52.77,222.63,37.83,276.03,286.12,182.67,193.61,274.33,180.16,78.31,120.42,156.96,217.80,150.35,285.32,187.14,171.62,237.19,77.65,162.20,24.78,143.64,62.84,243.66,125.72,151.05,28.97,29.38,93.31,215.94,231.39,298.13,239.32,200.85,216.30,132.21,290.17,192.84,25.30,117.49,59.49,85.98,178.45,143.12,146.25,140.72,75.93,49.86,141.46,95.36,106.41,49.68,237.55,37.31,216.67,196.99,32.71,252.09,180.92,221.47,184.11,88.09,105.06,299.24,245.99,254.73,92.51,238.98,116.08,112.23,107.88,50.50,49.10,214.02,161.84,246.99,239.61,116.07,57.42,97.91,172.95,244.26,144.86,186.30,174.98,80.24,142.95
205.83,34.02,188.29,271.83,275.98,258.29,81.55,260.50,51.14,110.37,131.18,77.69,264.69,226.13,219.99,279.68,233.10,139.79,57.24,251.89,219.81,189.57,228.64,231.40,227.95,147.14,169.64,244.90,280.12,164.43,214.05,162.03,136.73,238.62,61.37,144.51,184.77,218.21,267.60,65.17,136.01,83.63,173.52,77.26,87.14,53.98,178.20,244.28,55.08,242.19,290.25,153.81,169.77,233.38,230.33,50.26,251.93,50.61,178.57,160.75,251.66,57.98,200.57,270.58,174.65,262.47,267.36,90.80,266.37,211.05,260.95,94.02,126.02,188.79,231.10,295.14,39.15,171.68,173.45,273.66,86.06,64.60,155.08,223.29,292.14,180.10,223.14,97.95,209.40,87.93,158.76,33.04,110.58,238.90,38.99,109.19,67.80,195.69,228.26,50.78
166.44,210.81,297.17,81.00,40.59,92.21,177.01,197.28,126.03,141.50,173.42,63.55,289.33,208.49,165.94,224.97,47.72,240.25,73.97,42.42,267.70,216.71,30.73,280.84,299.45,193.19,61.00,164.53,209.68,71.83,128.45,50.49,182.59,116.17,118.76,148.78,90.82,192.72,208.06,90.30,235.74,35.01,213.70,141.73,194.09,131.44,125.77,60.24,219.59,104.03,140.49,232.30,84.39,146.21,109.37,220.27,289.52,286.15,159.17,67.32,290.51,269.52,64.38,96.53,51.08,287.69,39.82,130.39,254.63,172.06,164.59,127.29,22.48,61.80,181.67,244.63,201.17,232.77,77.79,177.48,123.85,113.61,138.89,263.98,267.81,240.74,125.25,26.83,122.79,251.16,47.46,207.19,260.49,151.01,31.84,160.86,213.92,203.81,163.34,188.80
97.49,79.45,268.21,100.79,213.88,71.48,140.41,59.69,102.48,70.21,287.62,24.43,117.35,196.24,265.93,299.02,190.45,277.07,285.58,170.35,52.44,160.51,155.52,173.45,118.72,207.21,150.15,179.94,104.49,143.28,219.74,50.05,244.32,138.47,293.04,168.75,35.91,163.13,168.17,206.58,66.10,153.47,128.38,276.90,102.90,25.09,159.24,289.58,199.88,188.23,253.04,63.44,119.04,78.33,127.59,35.74,134.91,61.42,193.81,154.49,206.92,143.64,195.34,47.95,66.19,290.86,255.25,176.51,299.64,30.06,293.80,36.77,199.88,183.37,265.09,183.51,81.83,80.30,225.49,253.59,156.11,245.80,63.79,168.93,153.82,252.20,277.35,51.72,183.14,136.49,153.54,253.56,207.84,162.25,177.29,259.25,254.39,115.82,51.73,63.86
110.28,290.32,281.00,272.36,177.84,159.41,89.68,209.99,266.63,255.40,232.98,88.33,181.27,82.98,245.07,278.24,282.60,277.62,99.78,78.75,43.09,229.78,289.38,53.30,153.74,96.45,224.25,262.06,118.23,211.58,131.56,285.62,20.60,235.15,32.09,222.98,285.99,267.85,53.27,40.35,277.34,96.86,69.28,85.32,170.03,39.04,27.39,184.19,142.25,271.77,176.41,182.85,277.31,46.54,148.34,132.70,238.71,137.61,155.47,152.00,241.66,208.34,139.50,40.03,253.55,298.02,228.21,141.18,130.20,187.35,79.84,63.85,51.51,291.32,204.78,175.54,267.16,112.09,162.76,59.41,189.76,271.53,229.12,180.44,165.74,188.51,196.04,191.51,150.74,195.24,165.85,138.23,166.13,249.68,274.06,198.81,261.29,21.25,283.38,22.25
281.81,70.31,46.10,267.90,24.65,251.63,76.72,131.83,22.32,292.03,143.98,141.40,26.49,72.09,74.64,23.07,67.69,283.14,183.17,24.95,80.26,135.95,68.05,64.00,288.42,297.93,194.57,262.68,141.87,21.67,183.38,66.50,181.36,269.73,229.95,92.38,246.66,219.18,281.86,193.90,294.63,167.77,167.04,25.31,282.22,140.67,263.12,128.02,279.66,285.78,25.87,218.53,28.99,47.55,31.33,28.49,135.19,146.61,151.29,63.60,95.01,230.99,117.97,92.95,114.66,270.55,269.51,142.59,260.31,122.77,41.89,147.00,273.41,39.17,89.52,34.07,232.74,247.13,270.05,42.65,202.74,167.58,92.42,209.91,24.79,55.20,275.62,198.83,50.25,203.95,91.86,114.35,50.58,223.61,100.98,63.50,293.71,67.35,194.77,56.21
287.97,148.26,189.67,35.53,284.75,205.74,59.57,167.38,253.51,229.71,276.59,285.63,29.11,198.97,35.89,21.52,42.73,297.57,20.37,204.71,191.68,241.04,207.97,283.32,259.22,98.76,265.52,98.19,204.57,88.71,282.72,217.51,154.29,244.76,27.60,198.04,28.75,83.84,107.50,230.17,277.18,123.26,193.05,237.67,256.84,289.57,239.07,29.10,48.55,253.47,98.31,43.10,288.14,126.42,122.56,52.31,251.15,146.48,104.70,251.66,259.07,219.90,139.06,103.87,164.17,176.27,178.72,229.28,36.76,201.58,263.23,56.78,175.07,212.68,289.04,46.95,223.54,183.21,115.62,34.20,112.21,251.35,197.72,83.91,298.03,228.88,72.88,238.73,252.74,263.78,227.09,42.50,247.84,279.75,159.91,233.10,161.19,199.40,201.15,146.77
119.32,142.05,182.70,167.60,199.73,32.95,148.81,39.75,231.48,94.99,116.83,203.17,117.05,224.32,261.32,198.32,63.76,145.88,225.12,96.27,285.59,284.16,114.76,191.91,128.73,223.29,242.05,66.65,165.75,116.92,279.07,75.13,285.02,137.40,264.59,150.00,191.87,296.67,224.86,74.55,93.72,149.66,184.09,37.10,32.19,148.08,166.59,42.34,153.13,238.55,173.75,153.77,40.01,294.55,171.54,145.84,40.65,226.26,97.18,42.47,221.61,154.60,35.77,257.92,145.27,60.30,114.82,28.05,294.42,229.94,33.68,87.28,153.38,220.76,197.81,143.54,173.08,32.07,299.70,262.77,110.38,50.17,195.99,276.61,211.74,39.07,126.24,221.20,87.78,200.00,183.59,46.96,226.44,142.50,65.03,279.54,228.71,222.59,145.15,200.27
199.40,58.35,266.36,248.85,58.46,110.39,39.33,116.65,224.36,21.00,161.90,262.83,107.15,222.77,35.30,176.01,265.54,134.21,194.39,197.56,224.94,83.96,229.42,86.52,187.42,64.83,226.15,100.46,202.39,63.73,84.71,248.82,46.05,47.34,236.72,54.53,270.60,58.99,210.83,187.58,223.81,214.62,122.37,284.92,162.34,292.13,126.69,167.63,183.55,177.71,205.28,100.17,38.18,75.56,176.86,260.15,153.01,109.92,224.75,130.68,250.16,23.32,52.50,48.73,29.79,67.06,296.37,154.82,138.24,274.86,242.58,96.21,245.23,43.15,220.43,25.16,78.85,268.49,124.57,151.57,201.13,214.29,60.75,279.76,179.10,187.66,199.41,258.84,78.89,275.19,238.61,82.68,243.66,161.21,181.16,297.91,23.68,282.14,223.14,117.58
224.19,76.74,163.76,248.47,78.64,176.96,31.88,254.28,118.10,111.74,91.74,221.34,68.78,29.50,97.95,205.60,34.06,139.61,245.88,139.52,174.68,139.69,68.71,291.81,73.30,193.69,96.34,250.52,242.31,147.66,73.07,33.45,153.48,65.95,285.78,58.26,85.98,235.12,140.72,120.20,121.56,168.27,169.83,110.72,214.36,100.25,87.14,262.83,51.31,291.55,178.42,279.71,294.98,136.61,74.09,282.35,257.95,70.61,62.43,297.36,181.90,147.07,194.82,253.79,24.06,48.26,211.34,210.13,295.89,27.52,42.15,154.47,204.31,92.37,91.74,30.90,32.97,45.14,39.37,266.45,134.02,232.40,55.64,23.09,299.51,243.17,253.13,188.61,75.27,26.64,229.10,247.14,154.70,194.15,293.99,114.49,257.99,264.42,43.34,153.04
182.27,60.50,135.15,146.84,97.77,45.26,117.59,191.20,124.01,85.82,75.55,134.06,291.07,196.58,49.56,58.65,186.71,89.49,253.17,39.43,86.15,197.73,203.86,219.79,262.71,291.30,76.25,92.51,130.43,127.19,118.96,37.41,261.57,205.76,240.45,299.93,157.05,57.26,253.25,227.92,235.09,65.09,231.30,185.91,34.17,101.80,81.68,101.52,75.94,131.40,80.76,130.91,24.64,226.06,117.18,100.51,260.49,229.63,261.67,264.41,224.31,36.12,46.78,40.53,89.42,261.88,30.72,35.84,52.93,181.94,109.36,283.43,57.89,245.28,200.56,202.89,118.50,21.27,122.63,188.39,226.46,174.85,294.70,184.23,43.26,259.40,202.78,164.79,238.15,213.28,285.67,149.97,219.01,148.56,97.85,109.46,185.77,70.53,161.51,214.15
170.21,177.51,79.51,204.14,187.28,169.36,214.90,216.28,213.76,59.37,184.92,215.66,190.34,74.01,26.68,190.38,81.73,251.73,281.91,254.79,67.74,249.17,69.98,103.48,251.90,60.67,72.59,256.63,296.40,198.04,192.86,171.36,88.48,30.58,146.09,257.15,268.80,161.56,283.11,177.88,232.65,143.74,43.00,254.58,284.07,222.59,134.51,260.90,196.68,20.78,281.88,149.62,68.82,71.24,115.54,31.90,105.54,45.52,76.54,25.05,210.68,181.17,45.81,237.11,212.65,63.23,31.60,57.81,52.73,190.90,34.35,107.07,120.52,44.00,116.12,178.54,110.21,280.59,100.06,202.27,170.84,125.05,291.29,260.50,76.19,292.29,25.34,23.03,46.72,119.58,122.19,35.63,228.05,109.84,285.44,299.51,213.25,52.28,164.81,239.73
277.11,139.46,20.06,133.91,180.34,51.08,200.91,177.56,153.78,171.86,28.35,230.81,215.65,76.22,41.46,129.94,232.10,130.70,222.34,237.40,32.85,130.71,296.72,27.36,270.58,52.73,190.95,285.93,192.47,73.24,78.09,28.44,119.62,183.73,246.89,183.16,275.38,213.60,174.82,77.69,239.83,104.83,109.85,49.69,34.25,147.48,54.36,114.81,254.58,112.25,193.75,258.27,61.77,285.04,176.86,225.98,260.29,238.13,87.53,90.30,69.96,74.66,245.27,176.91,56.03,106.52,41.65,251.78,192.31,66.04,254.41,271.15,217.53,159.33,236.26,127.32,145.24,140.26,293.01,112.50,159.03,268.15,43.93,101.11,230.30,226.75,175.94,214.50,99.41,201.47,33.30,295.97,199.28,70.22,221.97,199.01,290.00,100.90,35.78,71.32
137.25,86.51,228.12,33.31,56.01,106.42,176.87,101.71,177.28,107.21,232.80,227.64,241.24,287.87,251.23,252.11,126.70,107.12,82.11,144.23,125.37,81.97,20.50,147.57,294.56,224.39,283.09,160.09,296.25,75.77,174.74,92.93,84.04,281.98,181.48,43.39,122.91,254.65,46.24,26.13,256.81,210.81,39.63,71.44,39.85,39.45,272.02,231.01,163.63,109.32,191.18,99.96,59.82,156.30,256.68,211.74,239.76,70.07,289.24,41.12,162.91,124.20,185.83,283.42,50.96,56.98,113.75,199.55,60.98,56.55,241.67,242.55,210.55,134.94,180.63,192.21,210.15,85.42,164.37,299.50,69.26,41.70,39.37,206.77,248.11,86.45,29.58,220.11,229.26,93.82,24.19,243.87,121.08,165.53,271.99,77.57,56.48,182.97,206.50,130.19
28.93,44.99,94.92,81.69,108.18,170.84,35.64,83.41,244.02,67.14,103.79,147.97,65.44,232.47,27.85,139.98,173.09,54.81,212.56,47.24,175.74,271.17,66.20,179.87,250.82,80.28,25.28,25.99,88.60,220.49,114.97,154.22,36.18,266.81,134.78,240.66,24.63,215.94,160.40,92.81,220.43,157.33,188.35,225.79,45.04,213.04,139.67,280.51,266.00,230.74,225.27,267.75,242.82,289.48,261.71,112.26,215.42,262.46,246.85,194.35,161.01,43.36,109.73,189.46,181.83,229.88,265.31,177.31,199.97,139.24,36.43,111.58,171.06,158.03,177.69,195.11,39.33,23.45,83.82,170.67,115.26,182.85,198.64,68.94,184.38,298.84,289.48,118.91,77.02,273.74,230.49,86.29,112.83,140.66,129.43,192.17,222.59,271.88,69.34,122.38
229.94,214.91,271.59,218.61,52.30,221.55,28.34,177.31,207.56,251.05,188.17,197.84,62.59,37.47,48.54,84.37,145.15,130.00,104.41,268.72,44.63,60.36,141.80,56.29,63.56,290.78,158.39,49.40,34.55,225.79,127.68,99.66,212.60,215.64,120.93,286.19,131.98,126.29,237.78,248.45,100.43,212.94,198.99,29.43,74.72,48.15,267.88,287.60,251.00,107.11,260.84,36.29,211.88,54.75,23.52,69.12,289.76,231.18,165.05,282.35,136.52,31.28,186.49,251.94,100.09,108.85,208.04,245.26,141.54,44.91,229.04,139.43,274.85,90.88,149.72,218.28,88.65,83.52,224.01,70.38,53.36,92.51,249.69,261.87,49.23,50.71,254.40,284.86,154.46,257.74,269.02,121.01,161.29,179.92,236.96,148.58,162.07,40.86,35.17,227.11
155.03,45.10,87.44,209.65,161.34,242.41,130.16,52.22,94.92,50.79,154.53,152.77,40.72,73.62,291.56,295.38,115.94,60.50,72.75,42.80,43.94,74.04,151.72,219.60,64.25,136.74,43.95,194.06,140.60,243.83,266.90,88.14,132.26,159.25,298.96,276.40,291.57,149.94,299.88,29.03,290.98,73.87,294.06,147.36,182.25,274.07,295.60,68.05,190.52,214.00,218.29,78.87,39.61,125.35,247.26,291.78,144.49,275.98,222.25,53.04,116.72,228.43,145.22,203.69,232.69,294.68,277.09,116.39,244.77,124.30,200.96,37.25,239.54,297.53,170.90,281.11,264.36,23.23,45.09,142.17,94.06,132.66,162.97,153.72,65.45,61.56,135.81,213.46,185.56,44.08,99.17,136.10,113.07,145.16,142.90,253.22,253.61,283.19,166.62,97.40
213.76,233.97,117.67,250.87,214.34,291.67,116.68,278.31,117.34,262.62,111.80,274.40,24.73,133.43,34.04,134.09,138.07,274.19,243.94,94.63,253.87,70.81,213.90,97.67,290.74,281.42,104.50,28.23,201.25,65.56,52.91,274.02,177.84,281.52,94.07,113.00,282.30,144.76,85.50,136.25,118.29,240.56,135.10,41.56,189.57,268.84,275.60,155.02,23.67,188.17,150.98,283.63,268.06,271.91,239.17,89.94,181.40,256.91,240.19,250.66,153.72,94.41,37.66,97.98,25.47,111.42,286.70,94.92,280.49,292.38,48.80,247.28,285.67,78.88,127.82,254.63,59.38,176.81,87.60,234.22,193.25,192.95,276.54,208.28,61.25,68.71,96.89,30.62,122.21,127.21,218.65,111.89,259.83,127.58,299.83,153.02,268.47,81.84,20.98,163.67
164.17,287.40,74.68,75.20,137.45,164.93,199.71,102.54,94.18,255.34,158.64,280.83,211.36,37.49,50.03,263.48,78.98,67.03,268.54,287.25,202.65,48.44,26.18,187.67,36.51,173.51,132.51,29.14,287.13,22.50,119.17,245.58,292.85,32.65,286.22,114.21,64.37,250.62,199.93,47.79,193.14,248.65,173.71,115.94,79.87,230.14,131.77,252.94,233.97,230.67,242.30,175.57,238.29,266.06,104.27,90.50,148.46,174.78,27.88,70.90,26.23,177.28,235.91,251.41,176.36,31.52,185.40,131.82,257.67,133.84,221.10,74.53,278.54,102.68,21.62,42.84,84.22,66.34,73.33,182.19,152.54,219.38,241.29,164.67,186.01,237.20,45.17,141.51,167.96,187.41,171.90,118.22,100.50,143.42,38.64,151.93,290.40,35.09,62.82,196.50
218.07,153.08,276.71,154.88,50.62,154.12,164.12,140.05,276.08,154.18,213.88,162.42,223.43,50.50,284.58,191.29,106.17,85.33,226.56,94.85,145.68,192.68,260.17,252.19,206.79,94.20,65.34,172.72,266.83,134.33,226.36,252.97,93.51,290.02,91.41,185.03,207.04,174.84,194.04,79.13,60.41,24.32,190.46,278.71,210.58,202.28,169.12,193.08,222.49,62.33,224.50,63.47,102.42,115.01,99.97,166.89,175.44,249.48,181.61,299.01,214.55,224.29,299.39,85.56,201.08,268.63,291.02,145.02,140.65,46.53,273.19,282.29,267.66,83.10,104.48,285.56,191.98,197.06,136.76,192.26,64.95,285.82,284.75,259.99,91.68,265.28,216.03,88.94,253.89,45.46,220.79,299.28,140.71,194.06,80.61,150.62,50.31,214.71,236.37,184.74
227.51,213.15,278.42,153.99,170.76,124.20,118.79,248.97,280.08,106.73,137.42,118.65,259.30,285.39,272.56,23.70,68.37,270.65,167.06,125.70,133.94,250.75,247.42,251.89,257.40,39.45,231.79,191.05,91.04,185.91,211.48,179.91,118.72,88.46,44.17,35.93,118.68,86.23,158.51,177.82,126.30,126.44,229.55,21.66,299.39,143.46,184.43,88.24,78.72,208.38,292.36,274.35,280.91,162.27,120.50,234.45,171.81,247.67,215.71,121.85,39.14,102.55,252.58,149.20,250.01,215.38,106.50,143.53,203.90,265.60,31.04,297.79,134.10,56.40,112.75,242.81,180.80,51.03,128.72,35.53,38.68,81.83,118.35,214.10,24.78,108.28,120.10,106.69,59.84,261.04,109.94,256.45,73.19,222.36,76.15,115.84,209.68,173.44,94.68,266.76
152.30,240.76,261.40,145.98,113.26,174.97,43.09,211.46,231.21,49.73,102.95,234.77,108.61,191.96,188.31,92.61,234.41,158.33,53.65,48.49,276.86,127.00,175.12,199.44,222.73,135.71,156.68,224.59,204.23,192.93,128.61,290.40,71.67,52.65,100.06,90.45,289.04,22.34,266.43,133.78,178.89,214.19,32.58,164.90,31.09,47.52,195.67,96.97,59.82,33.87,245.14,197.30,28.99,197.42,48.88,111.69,204.78,99.73,232.32,165.21,89.80,175.83,29.56,142.90,111.14,137.19,191.16,138.66,175.23,51.20,106.76,138.35,35.03,285.57,273.67,113.31,195.65,152.62,177.53,54.06,171.93,91.02,191.09,234.91,272.56,29.41,166.63,134.28,82.95,93.92,250.56,226.51,272.90,239.77,35.92,51.25,210.18,204.41,269.84,167.52
181.26,166.28,210.21,130.66,191.82,157.42,284.86,137.41,55.84,250.29,161.15,64.98,279.76,54.16,39.14,94.91,203.37,51.34,290.92,169.82,180.64,286.11,150.96,214.91,30.10,30.33,228.04,282.49,222.51,63.27,251.71,185.71,38.31,128.22,236.85,77.78,250.51,180.88,146.18,20.66,92.68,249.27,49.91,162.50,28.69,92.66,66.25,136.74,186.73,142.86,249.83,67.56,193.44,260.53,188.11,145.95,226.27,45.78,290.34,114.76,76.13,288.53,21.43,240.57,137.42,247.05,260.55,108.20,269.00,297.19,285.71,167.96,76.03,246.13,283.65,289.23,264.25,80.14,200.77,278.33,156.42,248.62,49.28,236.09,38.14,174.50,139.92,71.35,142.38,221.53,233.21,278.10,215.28,298.97,100.14,63.30,47.26,183.69,116.99,76.92
79.62,117.15,212.13,188.41,241.92,109.05,219.98,263.58,254.75,204.53,257.85,44.72,153.61,98.59,156.95,55.45,50.98,50.83,45.70,156.52,53.45,255.00,100.31,288.25,178.82,197.33,194.34,113.33,263.50,297.92,65.26,157.79,160.93,239.07,140.52,209.65,120.43,37.35,148.72,231.31,201.29,167.36,275.78,154.90,121.50,130.94,222.64,112.11,199.26,128.02,181.21,84.31,75.66,171.31,95.08,47.47,93.94,130.62,109.26,190.23,120.12,73.67,274.88,181.95,83.92,112.83,179.53,56.14,127.58,72.18,122.07,142.00,173.97,26.36,214.02,275.32,104.56,49.07,272.57,139.46,212.61,191.87,259.45,156.48,216.58,33.13,22.77,237.80,235.50,62.72,192.84,113.67,74.96,282.69,281.51,209.04,298.44,69.54,251.89,177.09
70.84,194.87,297.79,82.23,151.04,47.52,93.72,102.92,180.58,38.68,267.56,288.79,210.46,207.62,104.06,270.01,249.74,53.13,220.63,55.18,86.27,249.82,153.39,146.96,91.09,192.99,59.57,243.20,169.33,256.60,158.43,102.14,23.35,135.27,284.94,254.15,299.56,63.86,198.54,57.42,273.43,117.42,270.20,76.87,64.60,70.10,238.34,261.77,31.30,61.60,20.92,36.95,45.16,102.51,79.63,205.38,299.31,205.05,20.17,56.38,50.64,136.93,97.88,289.94,67.45,206.41,65.71,171.87,26.97,33.54,28.87,63.75,21.14,157.85,128.60,37.47,41.89,236.88,26.88,277.61,123.83,60.22,261.05,119.24,179.90,158.16,187.42,70.04,130.91,102.71,237.42,239.25,298.39,299.55,47.10,149.96,229.51,207.88,155.85,47.83
151.25,287.77,142.66,27.97,132.31,151.01,226.96,83.85,182.87,68.57,192.48,166.15,260.65,149.43,99.95,168.69,176.65,45.82,179.68,214.38,267.67,79.80,147.76,36.35,65.96,279.06,282.76,31.57,169.62,58.51,217.27,194.53,164.64,165.52,192.47,143.30,224.94,219.42,114.59,221.70,116.02,184.69,79.23,108.40,81.15,296.92,191.24,208.84,198.54,28.00,221.18,238.12,115.36,184.24,27.73,79.47,73.80,91.75,126.94,81.15,84.02,287.76,90.88,178.72,199.82,106.91,39.16,152.62,296.96,99.93,21.25,243.10,90.40,258.16,91.53,264.02,275.90,182.61,253.49,262.75,117.87,204.38,189.29,139.98,231.90,152.06,94.83,97.66,20.17,41.10,59.54,218.46,52.74,81.52,153.23,113.85,238.89,48.41,294.89,251.03
159.38,55.52,46.98,64.49,70.37,231.21,292.28,231.60,235.11,285.11,47.44,47.80,270.86,174.38,89.47,76.02,189.95,198.29,232.43,200.92,221.82,219.93,34.44,219.18,64.66,160.21,90.59,210.56,104.41,275.49,33.41,152.23,139.70,73.56,39.59,83.20,56.30,72.09,260.47,222.88,59.70,272.40,268.43,90.52,33.41,214.16,183.17,125.03,33.45,56.40,188.33,208.02,77.80,145.33,264.95,87.28,265.13,100.79,260.33,181.82,231.00,115.33,58.94,61.64,66.10,76.35,267.13,157.06,81.80,195.74,43.38,71.48,175.03,155.69,82.29,33.19,188.52,267.96,235.27,76.36,215.29,84.81,234.11,231.55,81.88,25.53,166.40,196.71,96.59,137.09,148.48,223.94,74.56,45.83,95.56,159.41,58.88,84.05,158.80,222.01
27.49,179.82,127.51,177.44,199.34,30.36,170.75,284.66,138.34,275.57,292.01,193.46,164.82,236.43,241.00,194.61,20.12,202.79,266.69,39.02,103.67,259.95,195.05,51.96,187.07,193.06,50.69,68.13,183.34,135.62,84.68,195.59,50.86,51.69,22.91,203.13,280.75,25.76,132.50,69.09,200.95,145.28,185.14,255.26,179.29,170.05,60.21,149.40,195.76,217.81,42.95,211.77,74.83,205.09,98.30,185.43,63.48,288.87,216.20,91.29,252.85,287.95,172.03,117.71,72.94,192.99,89.87,268.31,96.27,49.72,296.87,128.66,203.71,94.38,90.03,140.50,257.37,177.79,166.86,127.91,89.27,233.11,24.37,282.53,235.56,109.48,254.56,115.15,108.96,106.09,132.43,251.51,92.73,193.36,66.26,296.93,82.38,253.09,85.75,145.26
92.81,226.82,205.62,52.93,244.46,271.69,38.50,47.36,36.76,92.71,282.62,73.07,289.21,104.74,236.92,185.94,82.16,261.55,32.35,23.05,141.83,137.44,204.40,28.78,211.08,172.62,111.61,153.35,38.49,144.43,173.06,200.26,22.45,234.84,104.20,120.40,229.84,295.34,172.47,49.77,197.18,299.98,20.77,34.41,144.39,23.89,112.13,79.86,187.45,80.94,103.37,282.41,202.44,237.80,169.95,50.36,144.13,79.30,93.69,255.65,270.42,82.67,144.10,291.35,191.40,246.21,171.19,156.55,222.98,109.37,199.94,165.16,223.45,58.46,209.00,198.78,272.95,125.22,259.09,29.80,99.04,46.22,90.09,114.51,193.41,37.95,78.76,223.36,212.51,181.57,217.27,222.04,78.50,168.83,220.72,207.26,151.35,140.18,91.21,128.01
205.36,131.12,180.41,284.41,33.19,231.31,223.80,161.29,60.98,119.87,106.74,219.45,160.78,118.33,199.71,92.02,199.58,293.09,77.80,47.29,280.05,120.51,206.50,117.53,252.19,157.12,107.53,249.00,92.56,223.30,111.74,145.22,195.36,203.13,150.91,60.42,230.81,267.84,276.66,47.60,221.16,78.37,48.68,39.91,21.22,278.21,189.41,188.93,247.18,261.29,21.28,231.30,128.91,111.80,228.49,140.45,296.13,256.02,73.67,163.74,217.18,113.23,66.99,143.34,54.68,85.98,221.66,133.48,142.88,196.13,126.76,144.77,231.09,166.73,254.06,204.80,149.69,275.16,136.61,287.76,267.56,107.10,26.30,99.19,149.23,271.36,76.25,287.81,294.68,153.11,60.96,232.41,117.61,112.40,48.04,293.34,270.32,102.68,37.94,155.96
69.04,157.97,237.15,124.66,181.62,173.77,132.51,291.05,115.52,29.49,256.89,280.64,155.96,42.96,44.87,179.07,53.27,74.92,238.69,82.12,127.98,124.21,143.24,137.67,166.14,168.61,82.80,61.87,72.05,77.21,249.88,280.44,226.91,31.64,187.84,238.61,166.03,42.40,163.37,198.46,179.48,222.06,94.82,215.32,113.25,219.64,156.76,239.21,160.70,100.55,297.14,87.79,132.73,237.06,164.99,211.26,156.63,190.94,163.43,297.67,78.10,269.63,150.07,27.05,293.83,263.45,40.60,127.38,261.78,161.86,278.70,186.94,246.72,146.05,45.96,83.56,57.97,244.52,278.63,84.58,110.08,227.13,141.35,246.86,109.17,167.72,253.52,117.98,199.54,200.94,118.54,228.20,167.99,186.33,129.36,45.19,215.54,116.05,190.37,274.20
253.79,196.19,83.69,164.57,124.96,185.50,224.77,223.35,35.95,124.38,129.21,72.43,156.27,98.14,117.27,180.33,257.28,139.93,171.23,242.66,140.32,128.13,206.46,95.85,27.98,57.63,97.14,246.61,78.94,193.79,106.61,36.47,253.00,281.38,66.55,162.73,100.60,173.97,216.68,295.67,117.54,91.25,207.13,256.05,27.81,32.14,182.76,56.52,196.16,178.46,244.40,243.23,253.09,281.59,185.27,60.54,276.09,299.03,30.77,188.56,124.78,105.05,235.40,104.39,61.91,87.94,170.46,91.17,117.86,180.95,213.78,39.61,135.21,220.05,111.80,232.09,115.89,232.60,287.62,161.16,155.17,155.65,286.66,64.60,227.28,213.13,197.08,227.03,109.41,279.85,274.19,84.53,164.02,107.80,241.42,272.08,169.79,109.78,200.72,59.88
162.48,232.42,93.58,129.74,203.21,288.71,42.23,63.57,55.83,81.77,36.97,121.40,98.57,75.47,92.08,200.18,212.91,279.97,78.88,48.28,36.41,158.07,200.86,87.10,206.40,72.47,82.28,205.98,287.25,272.88,27.57,294.79,122.05,175.20,116.69,250.83,208.27,265.62,79.40,199.32,168.86,184.87,122.31,21.80,217.31,220.02,263.61,289.51,75.75,39.07,239.77,266.04,67.93,50.54,257.66,293.77,134.19,273.38,235.99,101.06,63.96,74.60,167.31,131.26,288.41,136.29,47.20,53.46,273.61,165.06,284.72,286.06,289.58,278.02,268.61,193.83,286.48,242.75,210.75,270.38,246.42,126.77,98.36,62.21,286.18,44.01,235.73,128.18,150.58,53.92,53.22,118.35,219.68,95.05,214.96,299.05,138.91,281.94,42.24,107.77
187.72,80.14,124.50,146.38,208.76,81.02,118.77,287.30,94.53,225.88,263.87,207.97,240.80,295.53,112.92,92.29,146.09,198.73,50.01,34.67,58.53,66.75,31.00,185.84,182.51,154.22,56.60,285.04,217.52,48.40,181.45,31.14,133.28,246.29,168.76,46.88,257.08,40.86,156.41,163.87,236.62,295.98,131.69,199.42,165.69,42.32,243.24,166.37,189.86,114.78,276.15,212.48,119.96,159.11,105.58,198.88,246.46,116.00,249.18,279.53,130.61,84.70,284.17,35.33,155.34,238.19,32.86,199.32,254.93,103.45,106.89,29.47,174.28,37.20,20.62,55.54,141.71,229.08,209.03,107.46,109.88,204.13,218.05,222.41,64.35,38.23,161.28,131.63,280.20,21.61,246.50,297.73,258.11,248.14,26.29,262.31,183.56,203.12,131.15,284.32
166.46,192.94,78.50,176.28,81.78,52.07,164.21,256.91,265.67,282.35,282.16,291.22,222.09,51.23,193.00,190.49,50.02,216.79,135.92,39.66,281.82,73.70,54.71,76.76,234.00,235.94,44.01,163.58,213.24,211.23,207.86,138.81,134.56,277.43,286.92,69.38,298.74,58.52,240.19,49.20,194.73,175.14,299.64,165.10,197.44,221.74,223.15,198.56,239.70,225.01,123.09,53.95,272.87,22.73,77.03,174.01,240.53,79.81,197.75,125.84,20.96,220.24,195.00,35.54,263.47,67.67,245.21,132.64,81.09,183.92,146.31,272.13,200.38,249.69,31.79,153.10,111.12,64.75,292.78,213.17,106.54,140.76,164.50,24.26,236.80,246.09,223.33,125.56,47.87,21.39,142.19,285.91,150.46,271.50,186.60,194.00,244.51,100.68,168.31,45.48
287.42,298.46,179.68,278.06,253.89,167.19,193.73,224.15,112.82,106.69,252.04,72.84,86.18,185.85,131.27,56.73,295.49,152.52,299.70,146.38,239.84,217.09,111.34,43.32,62.48,30.71,203.99,38.36,102.90,52.09,183.39,216.43,144.75,288.22,95.32,297.80,183.83,260.91,53.60,295.43,231.41,186.50,21.36,21.18,67.29,134.02,102.85,257.93,230.40,269.74,124.70,240.29,255.96,299.19,237.55,260.42,105.09,207.55,205.25,183.36,289.75,136.86,263.03,35.67,134.69,40.42,186.35,185.86,117.08,273.71,65.49,150.00,185.22,75.51,249.41,147.57,166.48,133.80,189.69,247.92,113.86,105.22,275.33,299.80,83.79,80.77,61.44,101.97,158.98,21.36,87.48,260.39,54.68,254.63,176.80,94.27,147.69,67.85,186.89,42.88
191.09,153.01,20.32,280.13,28.30,258.51,91.41,294.98,299.92,85.33,90.59,257.46,59.37,20.95,196.37,96.14,123.27,145.30,94.44,53.24,218.19,158.02,235.23,273.90,83.33,270.57,287.84,103.34,259.21,96.36,254.38,274.01,291.00,180.61,173.17,48.39,171.05,254.98,22.56,274.44,181.33,199.88,224.37,279.97,214.42,143.17,260.45,286.24,193.94,234.20,174.68,51.09,191.06,179.54,160.09,178.04,114.94,244.40,88.07,140.98,219.79,177.44,56.54,158.72,229.14,39.71,258.47,163.14,167.92,177.92,88.20,126.61,207.29,130.60,282.60,273.78,69.28,75.60,135.09,183.28,267.07,55.17,242.70,54.00,175.50,182.28,289.92,230.51,222.54,27.01,231.74,209.87,210.17,34.18,129.73,52.16,275.37,122.72,265.34,108.97
207.93,22.65,215.34,215.24,58.59,145.29,211.30,168.63,279.11,79.04,290.22,158.03,299.93,139.38,263.24,254.12,170.90,233.55,227.98,57.16,225.64,223.53,140.52,63.04,146.34,229.13,266.29,123.31,114.67,75.10,122.70,86.90,114.29,171.35,179.01,227.64,295.24,45.08,85.97,134.76,290.93,98.76,265.62,133.67,288.44,30.16,87.75,30.92,230.47,202.54,84.97,35.43,241.83,232.79,277.42,66.81,180.71,277.09,77.55,190.05,189.99,31.71,239.03,241.06,73.67,31.91,221.61,57.75,213.05,62.08,260.89,191.22,181.50,169.61,31.55,254.86,146.89,123.62,196.68,159.93,100.51,61.48,48.38,86.22,263.63,50.75,248.26,263.10,251.02,261.80,80.21,298.72,171.99,246.98,155.86,73.46,256.93,157.38,292.24,247.17
230.14,221.36,190.56,271.23,193.90,298.88,166.27,42.89,232.08,32.32,128.00,145.84,268.61,177.11,284.35,87.24,98.56,122.25,224.36,210.45,77.63,133.04,118.50,232.59,123.04,231.65,173.54,283.92,293.75,196.27,277.50,222.06,209.81,150.34,176.87,129.04,68.99,278.92,79.32,171.74,226.39,250.59,119.57,204.21,144.09,250.09,204.00,33.09,190.79,216.68,274.42,34.19,187.17,160.20,199.51,234.29,57.62,171.74,165.77,164.23,135.74,257.88,37.73,127.75,185.69,274.50,196.44,56.72,210.67,115.07,184.38,179.90,68.26,249.28,171.22,128.19,77.65,276.49,87.77,281.77,171.60,160.79,152.10,266.86,247.92,209.35,166.67,203.89,88.09,159.12,59.41,55.92,218.43,284.03,244.71,282.91,82.12,93.27,138.69,127.29
103.46,101.87,275.66,70.65,264.83,162.78,279.53,25.00,82.16,159.69,59.61,80.21,152.78,234.97,239.88,192.36,274.52,196.23,26.67,165.03,290.93,203.72,212.76,51.96,120.71,256.98,50.89,254.99,180.48,130.28,280.46,28.24,279.50,265.96,296.32,136.68,148.99,217.49,50.87,88.20,143.76,220.96,159.01,84.28,101.70,229.91,245.65,142.13,74.13,180.97,132.03,198.90,250.97,167.85,272.53,123.24,154.62,179.79,221.30,168.05,247.11,215.05,118.01,199.18,108.68,220.64,202.97,69.65,216.15,56.60,45.74,199.98,113.35,65.01,296.48,263.58,69.53,284.21,189.69,165.57,119.91,109.99,48.84,70.80,95.35,226.15,288.79,150.35,123.89,260.55,210.61,88.54,170.69,267.37,204.80,124.42,139.90,271.61,218.26,162.81
209.88,211.92,178.85,195.71,118.86,117.91,114.96,30.83,251.89,64.09,46.37,138.40,154.22,93.69,287.83,66.66,180.65,190.99,203.53,242.28,262.21,101.67,296.09,135.90,239.56,31.46,228.71,252.53,50.34,105.70,145.37,233.90,168.30,196.79,123.23,263.55,122.61,152.81,143.79,239.97,249.88,273.64,84.37,275.09,101.14,265.85,260.00,147.33,243.56,228.12,32.60,27.34,44.60,285.51,219.61,136.05,81.83,285.38,88.41,172.24,88.09,223.50,68.30,186.72,201.90,289.91,188.81,155.81,129.97,49.63,222.15,89.21,107.53,23.32,204.52,232.48,46.42,58.37,250.43,225.72,54.65,138.36,107.29,65.89,142.74,258.55,248.56,184.11,176.71,203.30,293.09,250.53,79.72,150.71,229.01,257.48,43.67,214.28,62.81,49.67
256.19,240.25,229.05,26.78,91.92,140.71,266.41,166.49,159.62,21.29,252.33,183.83,123.98,64.94,137.41,86.84,146.05,105.82,32.31,297.88,145.39,247.80,52.52,190.45,166.98,287.01,245.01,135.72,242.40,134.25,233.03,101.61,124.42,189.59,171.45,130.73,282.54,161.13,221.95,136.75,222.52,241.87,173.19,29.16,161.18,271.69,43.48,183.58,29.58,156.43,213.73,126.54,51.90,285.27,281.27,242.66,78.15,236.41,113.78,190.54,145.23,90.12,202.86,221.34,167.93,65.37,158.47,235.32,257.02,27.55,72.25,280.42,238.88,221.18,58.62,21.22,184.86,262.49,39.95,39.43,299.59,86.19,206.28,176.19,136.07,244.82,86.60,98.36,94.59,173.21,203.69,45.94,61.07,53.10,202.39,195.12,252.44,100.22,225.13,99.85
230.47,190.23,135.91,197.82,256.69,82.14,192.20,298.13,243.27,103.81,239.67,158.56,238.63,47.37,259.49,298.44,143.70,163.51,72.39,211.40,41.71,178.66,137.17,75.99,250.99,230.31,103.92,128.15,90.72,78.74,81.99,57.46,114.90,214.25,93.67,216.82,234.29,114.70,36.15,220.99,58.89,96.71,185.65,277.47,231.45,95.38,247.58,134.74,60.36,106.64,250.11,123.86,126.39,293.40,164.55,159.11,224.37,289.28,297.01,238.47,264.02,274.05,228.60,178.04,90.03,224.04,160.51,276.81,20.38,277.66,285.99,81.45,266.13,185.24,102.15,209.14,243.30,138.02,193.94,76.42,29.13,281.94,63.19,163.86,43.85,259.62,236.01,74.15,247.86,115.56,254.97,90.19,152.04,93.23,207.58,35.23,182.13,226.48,74.71,86.35
223.19,136.39,194.41,139.47,137.26,104.15,183.81,187.81,230.61,160.47,177.34,257.32,31.30,165.46,55.35,211.94,270.42,138.90,198.03,123.44,231.65,185.01,189.99,68.55,21.91,195.22,51.43,57.38,65.83,131.99,88.52,286.99,209.52,74.38,245.09,98.48,243.95,151.33,154.39,127.08,89.12,212.37,160.95,22.48,110.04,234.55,102.73,211.86,76.83,231.87,139.76,22.23,201.90,181.36,179.61,286.53,124.69,272.15,20.64,289.56,174.51,162.69,269.58,198.13,166.03,127.61,204.57,34.88,89.39,48.24,161.56,47.00,247.18,101.57,194.29,113.46,215.84,119.03,126.21,154.42,110.60,67.75,142.35,205.80,111.32,246.70,249.81,78.42,95.58,20.65,118.76,275.58,239.05,288.93,79.99,180.24,122.12,192.45,228.34,46.58
44.59,50.46,98.63,228.53,198.80,104.09,259.69,224.01,292.39,211.98,220.82,250.54,279.13,97.66,200.86,135.45,84.25,73.79,47.45,257.56,23.20,298.52,290.11,168.62,227.98,148.33,81.47,226.94,145.55,262.52,260.93,288.32,215.57,157.87,177.06,120.47,204.64,45.82,297.66,37.69,188.74,101.38,250.21,196.37,190.07,229.60,53.06,107.28,161.65,109.59,50.84,106.68,148.35,61.38,205.31,40.34,269.65,121.61,120.50,78.75,154.94,253.01,184.29,246.84,291.26,195.08,67.22,104.77,205.19,238.96,203.28,182.11,279.55,159.03,206.66,107.46,128.88,85.64,244.07,75.76,85.06,50.01,225.69,41.26,36.70,195.07,125.14,279.58,265.60,159.09,42.98,174.10,298.42,204.90,242.36,133.00,40.84,283.15,112.30,62.35
63.50,58.11,140.28,260.81,61.23,231.50,40.29,53.74,52.55,164.60,266.30,228.36,261.91,261.95,51.99,174.31,240.90,285.89,211.56,259.83,124.10,217.65,123.71,74.54,38.27,267.67,38.06,299.92,163.00,161.07,40.58,40.89,221.08,144.00,69.73,76.71,84.88,246.91,191.26,40.23,213.38,165.55,182.34,104.62,25.00,162.45,186.64,200.67,143.80,177.00,172.31,123.49,246.22,141.30,86.44,22.50,100.42,48.97,160.33,126.81,90.29,56.19,245.59,295.75,261.22,240.30,168.74,253.96,169.56,110.17,83.33,80.45,147.72,198.74,62.57,23.41,26.38,106.31,221.80,21.06,150.85,103.27,275.90,288.44,131.65,293.64,291.90,181.30,127.92,49.56,175.00,253.76,130.84,161.49,131.54,217.01,174.24,163.92,80.96,186.06
158.52,216.61,197.04,102.28,196.37,233.92,202.30,159.91,205.07,152.49,115.00,194.07,25.33,46.00,71.28,294.13,100.24,160.04,179.54,23.62,41.46,63.67,81.00,40.36,202.14,53.49,270.61,160.89,72.35,84.79,201.09,51.61,32.54,243.86,157.78,257.98,286.12,147.20,104.96,123.67,270.10,299.57,126.76,290.07,161.51,30.26,76.72,128.43,119.16,247.67,240.48,55.35,35.93,218.76,139.17,68.07,44.19,79.95,288.32,44.37,174.21,27.33,272.95,163.35,282.48,110.91,133.46,229.88,283.74,59.21,131.38,291.76,111.24,282.34,193.64,154.61,112.96,162.55,203.06,218.98,41.37,199.29,269.88,139.53,90.14,215.80,51.86,281.17,163.65,205.27,118.70,140.43,181.55,296.42,216.66,281.75,287.49,238.66,31.53,95.69
245.90,23.82,155.94,234.55,280.66,143.49,252.18,147.83,59.92,147.94,143.71,166.91,280.54,193.09,45.20,140.60,147.61,251.29,164.79,141.05,57.64,238.36,236.02,76.10,205.00,43.48,181.81,172.02,55.00,205.54,44.33,247.66,62.55,139.44,258.25,38.12,244.30,229.26,101.69,270.79,276.18,224.84,251.55,60.60,143.83,291.57,46.80,136.50,289.37,184.09,28.08,258.62,110.40,30.06,252.66,228.78,168.69,121.67,232.38,187.44,85.93,266.31,169.53,260.26,43.17,84.21,107.89,256.74,264.16,235.92,183.11,147.51,46.51,203.55,253.89,260.55,87.49,184.35,284.18,259.03,64.04,129.81,47.43,253.27,189.90,216.13,66.10,223.24,83.10,292.42,265.02,24.48,208.59,114.36,211.70,69.47,96.45,32.96,123.20,188.92
262.94,79.07,265.93,244.88,201.45,261.07,111.29,283.70,70.20,181.98,150.76,230.10,117.65,277.36,46.94,191.72,40.74,292.10,76.64,236.38,224.12,293.28,281.49,263.96,200.14,166.04,76.66,197.43,220.65,284.09,99.03,120.26,145.78,213.61,255.74,92.19,171.25,90.52,150.04,281.63,267.11,149.13,122.67,172.56,225.32,52.75,83.48,53.67,25.22,239.50,124.95,233.98,158.96,211.96,159.42,156.38,268.25,198.65,50.85,179.14,59.23,182.83,205.00,74.17,64.92,71.31,250.51,64.27,238.53,25.61,250.88,88.11,72.75,196.63,264.27,220.59,176.97,87.10,134.43,260.15,243.51,82.12,265.56,87.14,295.20,228.19,218.39,183.41,259.62,267.37,91.28,241.75,66.30,130.53,276.17,105.32,140.89,137.86,179.77,253.56
173.18,283.00,264.93,191.76,140.95,110.93,191.44,246.37,161.56,266.71,100.51,260.73,205.87,101.66,136.00,30.74,276.22,235.14,190.72,291.93,278.13,276.66,105.08,83.49,228.23,111.42,96.16,90.71,39.38,222.89,22.33,178.11,94.67,206.99,284.65,213.51,125.94,69.89,114.92,148.47,266.66,293.58,279.67,160.18,152.07,96.10,126.42,276.86,261.23,61.17,119.30,182.60,51.26,118.52,183.75,146.46,261.95,186.41,207.93,167.69,106.44,186.18,299.43,76.18,222.65,219.37,238.49,142.51,23.00,273.16,92.22,132.28,252.55,264.14,212.60,143.12,200.50,140.86,77.46,114.64,189.17,44.01,25.94,21.32,51.40,58.39,209.28,133.31,32.51,72.85,163.41,193.93,295.99,165.27,53.31,201.32,189.76,116.00,204.45,280.34
25.59,77.86,53.16,217.49,205.12,46.23,57.94,258.61,185.90,162.90,167.36,66.29,131.40,183.06,157.45,139.98,99.85,123.27,209.52,292.34,270.90,243.64,219.78,144.19,130.34,204.38,71.69,280.65,53.02,52.18,71.20,39.65,34.87,62.68,111.71,179.19,171.23,40.75,215.67,102.01,135.64,122.87,158.69,29.19,74.14,63.05,244.82,175.53,232.98,217.78,94.93,162.94,60.61,238.68,77.35,295.74,292.42,66.41,22.03,52.77,134.43,238.33,256.87,155.10,264.20,267.61,188.99,115.99,228.56,207.70,151.01,235.61,249.15,201.95,24.37,150.40,142.26,270.28,162.89,124.96,107.59,187.03,39.94,265.16,193.69,87.81,99.94,272.97,29.22,104.76,102.26,228.81,76.96,38.41,128.97,221.26,36.65,68.07,197.04,217.87
20.61,282.21,126.22,121.25,254.76,50.68,85.05,259.11,177.77,192.27,105.55,169.59,255.15,295.05,128.74,64.91,121.20,117.06,119.29,91.24,172.90,291.35,34.85,180.28,287.62,137.92,172.71,50.45,186.26,128.28,223.60,160.00,50.03,64.31,267.28,187.58,39.64,105.55,231.96,182.30,266.01,100.35,264.39,138.85,291.77,257.31,278.08,254.03,228.35,243.60,176.27,129.62,133.81,139.99,161.38,209.75,122.52,210.87,114.18,180.21,204.52,129.74,172.30,24.57,153.28,249.97,103.70,94.41,236.28,109.80,128.93,249.96,38.00,281.75,75.30,80.51,236.65,54.00,59.42,45.59,189.39,255.68,70.40,130.61,210.42,105.45,74.41,273.75,216.74,279.08,238.71,117.41,27.13,150.78,122.82,161.42,23.44,169.36,135.65,210.49
95.36,249.30,280.35,66.36,201.02,197.40,115.25,51.84,207.24,147.54,73.55,36.03,284.89,134.47,229.64,58.23,194.77,27.01,138.26,88.73,113.91,194.77,119.35,89.22,220.10,171.76,195.64,127.07,91.56,89.90,297.84,206.48,47.99,200.12,48.91,103.88,256.74,276.02,260.81,175.22,146.87,88.80,243.48,194.38,168.26,92.52,106.88,88.65,198.59,191.21,67.98,112.94,24.76,69.76,168.02,125.71,184.43,137.93,46.21,206.65,284.55,96.56,78.12,254.66,95.88,125.82,82.21,196.01,146.02,123.57,93.01,287.29,43.92,96.83,116.84,248.94,286.48,22.16,288.76,289.36,275.18,277.50,244.73,104.05,244.37,156.95,171.34,26.42,153.04,95.84,114.48,153.13,212.61,41.24,189.27,104.10,251.60,270.34,47.90,264.93
171.53,65.88,22.65,189.27,168.98,220.39,161.90,26.23,141.14,255.51,127.13,93.42,101.52,49.48,127.42,238.01,36.83,276.68,146.26,203.99,124.50,94.69,46.43,152.03,137.29,180.25,132.52,145.35,240.70,55.53,134.17,59.08,282.45,252.09,257.15,58.39,265.09,60.09,150.47,48.02,280.43,295.45,138.52,285.81,45.99,274.98,116.42,206.97,120.17,187.70,84.19,195.01,162.54,121.44,142.97,159.80,136.47,39.54,240.49,206.01,210.72,34.41,236.39,237.26,242.49,192.10,164.06,264.36,183.09,45.99,117.58,219.68,135.10,244.07,150.83,127.88,117.82,108.19,154.21,187.78,278.94,224.90,79.21,147.08,105.85,87.99,204.31,51.55,27.28,135.80,58.46,163.05,174.01,66.41,215.07,51.92,192.89,200.71,246.63,268.32
207.67,193.81,209.65,167.68,192.73,273.67,214.42,104.34,220.20,45.37,146.86,130.05,113.62,194.52,67.36,283.76,92.10,214.21,142.55,77.30,138.69,121.48,238.49,204.40,253.28,31.65,253.18,135.28,92.39,77.10,117.06,116.94,59.91,187.84,43.13,160.05,129.67,248.25,81.67,176.82,53.08,220.73,110.99,288.53,273.94,154.02,241.01,40.78,239.05,145.33,46.50,97.94,103.82,220.68,240.23,169.33,112.61,134.09,194.99,196.82,70.71,160.16,178.86,229.88,150.79,282.26,206.37,222.20,184.20,256.73,120.68,28.97,52.07,139.95,129.86,145.18,170.90,134.20,32.95,243.92,281.72,182.13,151.03,51.93,278.50,121.27,237.11,74.15,274.51,219.36,107.74,232.38,105.20,80.13,246.15,280.38,34.53,44.37,268.14,285.23
217.76,140.55,164.86,123.88,284.28,210.82,285.44,273.12,211.91,85.51,145.81,208.69,151.30,143.91,138.46,70.03,127.94,296.59,91.82,106.94,289.74,163.38,236.09,88.97,132.75,194.24,90.15,127.74,153.27,255.61,213.95,276.59,290.75,152.38,137.60,176.95,271.40,25.53,84.95,254.53,166.18,253.32,202.44,247.65,137.15,22.79,208.72,159.17,295.34,53.67,193.47,104.34,160.66,40.54,261.08,269.62,157.65,43.39,182.72,100.27,26.99,252.32,56.13,279.04,205.67,60.06,94.55,293.45,201.59,154.98,287.14,28.52,127.38,249.11,287.44,239.55,198.44,56.01,170.31,180.90,251.92,207.34,256.73,182.59,57.94,229.79,198.13,117.49,249.48,267.30,225.49,155.52,106.60,84.00,252.57,202.22,199.41,76.13,175.57,296.50
145.07,174.47,265.27,264.65,38.49,272.80,203.71,115.89,234.72,156.73,173.48,198.57,245.80,152.08,92.66,191.47,292.04,47.28,21.86,128.71,172.34,163.07,108.22,281.34,88.29,54.27,82.64,47.22,256.84,132.43,252.58,198.63,152.87,48.65,30.40,176.06,76.01,144.05,285.00,57.43,217.84,79.39,87.45,198.82,56.65,128.55,126.46,147.49,109.18,96.54,238.95,42.33,257.95,254.75,281.13,87.13,276.59,146.12,211.45,258.50,37.54,29.72,76.51,177.01,237.87,237.13,270.06,175.78,176.86,41.95,234.28,154.56,78.44,55.02,268.97,181.39,193.10,87.41,174.09,64.53,137.28,88.91,66.64,243.85,205.27,243.88,254.05,129.13,231.73,225.50,89.07,212.96,279.87,212.03,111.66,216.55,182.75,245.60,96.09,65.43
141.10,195.37,47.10,93.70,66.77,235.67,217.25,195.12,149.66,145.29,164.87,249.19,186.93,229.01,93.13,153.77,196.51,108.24,165.45,255.23,41.66,246.52,188.88,135.16,177.15,189.66,238.61,244.59,227.20,24.79,175.99,140.79,181.36,189.53,192.51,117.99,145.15,24.47,281.92,296.64,132.27,137.49,148.67,102.17,141.94,120.42,25.48,55.46,42.03,86.86,47.94,84.46,21.14,296.86,50.59,255.22,48.58,107.17,283.64,107.02,203.30,109.12,284.01,22.93,90.32,135.69,250.85,180.45,270.54,267.44,287.49,71.16,138.25,139.68,54.45,284.63,121.57,198.99,189.17,86.35,180.23,91.77,100.04,174.14,147.91,138.52,130.13,231.31,98.65,107.54,182.21,290.01,101.50,136.49,55.93,199.43,90.34,167.29,137.62,237.25
253.21,226.48,146.10,136.19,135.46,160.46,193.30,110.76,224.97,273.77,38.95,26.06,209.15,200.85,148.35,251.91,229.84,290.67,254.04,42.93,136.49,119.81,253.81,85.98,50.79,41.86,177.35,105.66,73.01,274.66,24.20,143.54,155.96,170.92,233.01,21.79,86.27,238.80,114.99,181.25,99.07,43.49,90.58,250.80,115.36,173.71,23.66,166.18,222.88,182.93,26.36,25.93,268.40,80.05,211.23,28.81,105.36,110.98,258.64,245.26,252.95,283.70,124.19,81.00,226.37,43.31,293.71,228.63,99.82,241.49,275.21,62.66,205.00,60.09,179.14,71.10,162.90,159.62,103.59,35.18,240.71,153.08,210.08,264.50,91.55,182.02,249.53,281.21,39.18,61.83,54.12,49.93,278.06,199.19,265.31,140.49,269.87,198.20,243.32,181.83
103.65,178.18,223.48,207.14,150.43,25.95,182.19,279.17,279.14,260.94,193.42,162.63,26.45,118.09,259.02,64.39,246.01,95.96,173.23,101.83,96.64,264.29,213.53,80.30,153.79,163.52,224.27,210.44,208.67,126.59,84.77,160.75,231.40,271.43,225.40,130.64,288.02,262.64,273.36,99.41,295.22,95.52,65.76,79.40,201.74,132.19,64.96,229.36,59.15,40.30,260.05,171.69,198.63,299.68,287.69,136.22,158.18,36.77,156.74,98.47,231.93,121.46,23.83,219.17,77.46,96.96,41.88,238.40,88.76,233.59,26.83,200.53,53.74,138.15,106.73,238.51,242.07,258.53,24.40,257.93,87.70,253.82,254.17,82.47,88.87,65.37,70.03,287.36,127.73,31.14,112.22,33.63,294.83,206.22,163.46,51.52,94.58,235.81,272.54,249.73
207.22,171.99,150.11,64.06,53.11,246.10,241.07,25.00,165.64,62.44,234.73,71.43,163.53,208.48,129.32,207.95,275.94,221.53,110.35,118.59,113.68,154.45,45.28,25.69,106.81,248.79,263.18,229.46,71.64,158.24,162.11,73.67,122.65,102.44,90.86,133.74,109.09,279.98,196.35,182.71,136.99,147.34,146.18,24.91,288.23,220.50,173.25,86.22,21.21,97.94,239.03,291.95,232.77,140.85,257.32,298.86,106.25,134.73,140.88,127.39,200.25,264.11,262.47,48.92,28.22,142.01,60.16,39.57,50.15,197.76,118.11,196.80,32.96,281.20,290.75,281.62,86.40,260.82,128.70,215.49,72.87,137.97,270.49,148.13,280.54,120.00,186.56,143.73,56.23,154.24,120.82,75.04,138.62,99.34,92.10,260.48,234.72,209.53,122.10,84.74
196.76,98.08,229.97,154.94,274.89,271.22,144.12,287.19,205.01,189.42,46.14,295.09,45.65,95.46,67.69,35.99,299.67,109.31,32.91,55.00,86.20,30.83,61.08,28.97,66.67,144.65,293.22,209.51,170.39,297.09,216.96,123.64,242.03,154.95,31.25,198.04,224.49,294.10,47.38,110.23,222.20,200.84,164.53,72.94,79.04,291.16,49.70,224.65,20.55,54.65,259.18,106.72,298.53,224.77,122.71,139.54,87.49,248.96,22.07,86.88,263.71,292.70,142.97,251.67,248.35,236.27,255.75,284.88,34.84,120.55,216.33,74.53,168.72,194.55,66.90,211.67,30.63,27.85,227.66,202.56,234.15,24.09,41.82,105.96,48.97,112.85,176.92,174.69,45.61,40.12,32.43,266.31,233.48,250.63,25.25,221.05,197.37,47.18,182.99,37.89
146.93,211.42,37.19,163.12,213.26,34.16,263.67,119.25,108.04,54.01,295.89,181.89,183.31,190.77,136.86,127.18,173.67,66.20,184.88,159.39,61.47,238.25,41.13,87.26,67.31,148.18,218.29,87.82,62.37,178.37,206.37,286.27,190.23,179.02,152.32,98.27,286.30,219.02,152.63,169.01,288.26,155.93,298.15,179.96,276.77,222.68,50.46,192.29,286.83,113.41,120.00,52.39,163.22,103.61,236.03,77.68,226.62,134.67,282.85,180.60,268.18,92.02,285.15,80.72,284.79,265.19,76.59,203.89,123.37,132.44,31.06,251.95,92.68,235.26,184.97,291.82,76.22,109.74,66.61,253.04,112.49,74.64,185.76,125.72,247.42,233.85,53.58,259.65,295.12,230.26,250.71,276.88,240.04,183.73,39.09,155.64,239.22,91.74,202.99,108.25
261.41,121.71,32.73,183.06,32.81,80.39,160.40,242.12,109.62,101.02,51.64,183.99,169.11,22.48,216.82,148.91,100.96,219.02,247.30,187.20,46.44,273.62,24.99,78.61,94.03,123.60,119.54,271.71,242.92,76.40,287.15,121.44,81.19,284.80,180.13,185.11,203.68,195.06,196.37,20.55,211.99,227.80,27.54,194.85,94.10,195.92,94.18,46.86,69.91,276.98,142.96,276.57,155.51,271.54,178.92,118.29,82.20,123.94,69.54,294.81,117.62,175.94,299.08,165.30,106.99,191.92,248.81,192.60,81.70,73.89,220.81,257.68,215.76,46.11,110.23,211.94,219.09,149.97,103.46,45.82,34.84,51.96,114.47,190.80,257.49,90.22,41.16,290.44,192.72,59.80,90.18,137.23,290.87,52.84,139.63,142.42,297.81,73.97,151.15,296.32
203.94,66.22,282.09,171.98,247.93,245.68,174.71,248.53,267.76,247.54,196.70,184.53,149.76,42.71,153.70,196.24,146.69,137.20,86.12,122.49,77.13,41.81,222.78,215.93,164.86,42.15,192.61,98.14,285.78,33.53,20.81,253.11,84.96,207.61,117.72,250.58,259.01,283.72,127.87,21.67,60.35,106.24,246.27,274.92,78.84,129.31,178.53,97.57,116.02,240.31,67.28,170.93,182.72,59.71,216.64,75.94,215.30,131.80,191.37,183.17,295.61,37.81,97.85,185.15,231.90,270.27,47.57,98.24,51.78,40.49,25.31,245.14,63.78,128.58,23.38,252.33,50.22,144.43,120.87,91.08,149.21,31.01,122.03,170.72,190.15,173.45,147.19,183.65,44.98,106.70,290.68,287.92,196.37,159.81,84.47,120.85,201.13,247.45,251.64,58.78
161.47,219.98,214.96,292.59,55.62,149.27,41.85,179.78,211.45,40.97,169.32,292.27,29.87,69.87,172.94,219.54,250.80,103.41,113.87,240.89,137.82,265.23,277.61,258.32,43.51,171.14,284.94,289.84,167.30,141.16,72.78,299.21,193.56,42.36,265.58,203.87,112.88,71.86,206.23,22.66,261.93,196.32,79.47,214.64,93.67,267.70,205.31,268.17,224.35,130.39,248.35,248.55,291.82,193.30,212.34,154.92,95.63,43.05,231.20,151.48,256.55,141.01,283.85,124.06,142.04,204.06,108.96,195.74,23.67,88.50,85.36,51.07,279.14,295.51,31.28,144.43,66.49,252.27,61.27,71.49,225.78,44.97,285.80,225.28,293.61,145.19,84.78,282.05,162.09,286.00,286.96,243.80,83.23,85.54,201.07,153.60,136.63,77.11,82.13,122.17
196.77,31.77,129.51,229.32,137.89,187.14,48.15,282.88,58.92,201.75,66.62,295.58,197.19,165.74,256.73,67.83,138.87,293.65,161.90,196.12,39.07,40.15,37.26,157.33,221.26,110.92,181.06,181.57,64.35,230.25,172.96,53.61,285.34,89.03,135.65,284.46,113.09,71.82,295.10,298.79,212.59,270.36,299.66,60.98,255.71,32.97,200.37,194.75,156.37,181.16,97.78,22.05,72.69,281.54,96.03,219.59,147.43,294.73,294.01,168.17,116.48,133.02,120.06,36.40,33.94,177.15,181.08,40.37,128.35,277.62,142.28,119.74,40.35,251.57,185.40,67.16,136.34,224.19,94.20,156.25,172.08,219.95,180.35,147.79,68.41,106.82,128.19,275.93,204.20,171.51,162.82,203.58,84.25,139.89,178.03,122.96,34.59,140.00,58.93,239.52
161.54,290.60,122.58,94.30,299.32,110.50,131.86,22.73,79.25,237.18,217.56,132.27,277.15,172.12,196.12,244.99,216.96,61.81,153.88,188.98,34.26,88.74,239.34,287.43,294.50,221.06,216.66,217.74,102.96,135.08,70.21,151.65,31.37,252.09,285.29,58.68,155.76,143.07,228.82,164.03,145.11,59.12,100.05,184.58,31.40,113.42,60.11,41.31,139.35,105.54,180.13,77.39,35.53,29.83,140.90,22.19,35.68,116.16,283.37,220.30,227.08,67.78,179.70,84.68,165.12,247.73,140.86,84.03,106.25,157.13,246.81,197.46,287.55,293.46,107.66,204.85,218.34,176.79,245.01,97.30,233.28,90.33,172.03,51.66,211.94,259.88,227.49,287.00,296.86,149.04,63.35,219.51,137.76,127.47,70.86,31.35,233.90,154.91,131.21,122.72
161.20,227.80,141.58,46.70,92.40,57.31,73.22,264.88,68.17,223.29,104.59,272.37,194.20,208.94,167.08,279.59,64.18,100.18,273.27,296.92,235.69,79.51,274.33,66.99,264.98,127.26,33.44,191.30,123.43,25.39,62.21,147.66,202.64,29.20,165.82,33.18,272.67,217.96,43.50,162.14,225.83,100.63,72.58,209.20,238.09,132.22,87.28,283.74,170.15,157.26,224.60,270.91,105.61,247.61,281.35,289.30,212.57,235.84,255.90,241.86,72.41,20.64,180.67,194.97,83.23,72.47,169.04,270.09,72.59,265.00,261.64,90.09,243.36,288.43,64.16,172.87,245.86,112.91,41.31,54.38,113.35,31.92,32.75,292.93,54.48,65.74,185.45,248.16,64.70,32.05,81.53,161.10,297.61,193.06,82.10,23.09,66.50,203.73,109.23,175.42
184.03,64.53,134.40,175.03,262.82,243.86,208.59,237.61,288.37,233.63,77.11,114.10,123.01,142.52,197.40,137.63,150.25,186.08,246.93,145.57,196.56,150.22,299.32,284.18,171.42,248.31,261.71,27.80,277.63,260.92,249.29,178.94,83.78,160.43,243.82,146.47,296.46,83.47,275.02,110.38,254.82,141.66,253.13,184.98,274.00,153.99,281.29,55.67,246.51,81.82,84.39,38.37,224.91,200.27,113.83,293.22,36.27,235.56,93.90,38.76,198.29,112.15,146.14,152.38,31.39,168.90,31.01,71.23,220.69,222.61,20.79,257.69,22.43,291.31,176.92,123.09,189.98,61.59,153.63,212.86,203.24,274.13,99.62,39.75,124.31,57.18,270.12,294.77,197.66,242.25,215.08,173.43,251.91,270.11,163.55,247.12,129.23,85.33,149.64,89.27
129.72,199.38,68.14,222.81,270.94,127.11,292.88,212.92,181.10,105.10,24.61,135.74,275.28,245.14,295.19,246.13,224.27,44.33,294.31,101.75,88.27,28.22,132.44,270.51,235.45,184.14,229.10,34.79,72.65,151.07,207.33,179.31,63.03,250.07,58.00,90.30,285.14,282.60,66.32,84.11,200.15,254.77,176.13,98.50,99.72,30.11,21.57,55.90,298.04,74.94,173.79,68.15,262.55,205.29,227.77,248.48,247.09,22.02,208.13,250.31,35.44,169.13,68.15,79.58,255.80,148.76,71.68,228.91,269.61,210.09,277.83,100.22,141.17,49.50,40.54,132.89,211.00,231.20,62.24,191.85,166.99,246.21,224.03,160.00,88.95,265.58,66.83,92.81,208.79,167.94,49.23,155.71,53.02,50.49,91.69,68.11,297.70,288.19,222.80,255.06
271.50,168.31,246.32,272.72,34.12,245.74,43.22,284.36,208.31,299.53,132.75,260.67,287.75,102.31,261.11,124.75,137.13,263.98,171.02,133.30,62.53,142.40,224.50,213.15,239.10,231.55,121.04,254.81,30.86,27.97,287.71,265.41,132.74,256.06,202.02,67.61,147.72,37.73,113.78,77.95,250.00,226.46,37.10,170.62,223.27,194.51,35.11,75.26,127.63,55.84,61.01,128.17,157.36,38.72,224.30,172.05,289.13,98.56,93.01,115.01,172.34,105.52,104.99,260.66,47.20,159.95,231.18,287.91,266.87,79.41,148.98,182.80,110.98,109.14,71.86,34.11,238.03,145.41,264.11,73.75,123.97,119.50,189.50,156.65,190.06,119.31,283.62,281.32,237.86,298.80,78.41,141.13,196.81,129.09,83.79,32.11,284.76,84.55,151.97,26.22
170.58,254.44,148.26,275.25,79.91,76.74,187.61,246.86,21.37,91.02,89.59,163.33,192.76,171.96,88.35,263.83,236.81,198.02,124.17,111.87,227.74,54.45,29.48,291.02,285.83,283.98,173.31,47.09,160.05,120.82,182.17,271.91,150.79,248.82,157.29,286.42,152.09,219.15,148.08,132.83,229.62,228.62,80.83,134.61,22.40,25.16,60.58,233.61,41.11,283.37,74.19,268.20,286.13,139.67,166.36,109.79,271.88,162.78,294.84,291.30,286.61,119.75,43.06,207.35,264.55,119.28,289.56,275.01,196.30,52.68,269.93,54.39,166.44,25.39,63.28,177.84,20.42,62.39,81.79,31.97,182.31,233.90,30.51,136.55,171.96,166.25,155.78,46.76,89.67,279.77,71.29,239.56,61.16,227.60,210.07,297.82,63.05,97.27,255.95,175.98
112.27,62.14,176.11,155.13,89.00,196.05,211.14,175.19,206.42,91.56,273.28,34.84,67.71,82.30,286.94,100.29,280.92,153.52,221.03,97.80,216.91,263.70,181.62,275.59,128.89,193.66,97.96,61.57,65.42,144.33,282.44,103.21,46.21,145.03,59.84,78.84,275.25,199.96,165.69,82.90,46.16,283.84,170.00,56.42,149.30,192.11,212.51,45.54,217.74,237.33,122.93,207.43,47.63,298.32,40.20,76.83,232.47,288.77,91.34,47.58,59.57,211.31,162.83,267.29,48.24,160.40,191.51,261.53,175.05,71.11,268.87,262.41,264.50,184.34,289.73,175.57,61.63,131.85,250.97,293.95,252.66,121.71,22.74,69.90,30.35,250.11,105.82,214.62,134.40,96.39,166.88,156.98,250.46,214.94,106.92,245.71,187.47,115.08,246.94,123.64
34.80,266.09,144.50,110.32,275.80,90.52,291.65,27.99,207.52,36.71,45.45,289.01,277.70,256.27,210.11,150.69,209.87,176.04,258.61,228.18,210.68,74.11,204.50,156.21,237.84,147.31,159.39,136.23,295.57,186.24,275.19,264.11,230.77,161.26,170.77,281.60,84.59,239.46,103.28,36.33,130.57,166.27,56.92,229.21,227.83,224.59,109.88,159.38,68.69,142.63,287.49,104.70,33.70,107.47,253.83,273.91,22.67,154.49,285.47,55.19,37.53,232.26,199.21,221.93,96.11,132.93,180.62,233.12,109.23,133.53,170.20,21.76,257.15,194.72,43.07,118.96,70.15,31.13,107.10,264.45,38.86,265.65,81.09,287.49,81.51,259.68,276.94,278.19,54.65,207.90,250.55,226.06,152.58,283.58,70.35,265.72,87.51,146.15,149.51,101.04
99.55,124.60,23.62,87.75,286.34,221.36,144.51,20.27,218.27,158.02,203.76,130.41,20.22,183.42,240.74,80.66,205.56,118.42,253.28,142.60,37.55,168.18,190.14,109.50,41.73,230.88,171.45,78.73,72.47,172.87,106.70,213.54,117.66,151.73,36.72,149.07,22.84,120.99,106.87,231.74,235.26,137.25,293.25,90.02,66.41,248.01,162.83,74.69,113.22,46.50,214.94,159.10,177.99,40.82,215.81,102.27,64.80,138.91,259.28,124.03,50.53,283.81,198.98,104.44,183.22,45.29,178.00,249.41,58.74,253.69,174.81,73.86,79.16,267.28,153.21,99.20,90.69,132.04,237.76,27.49,50.15,144.51,274.17,267.41,238.75,294.08,50.12,267.36,25.60,136.22,83.15,121.60,292.71,112.13,196.27,212.74,173.88,45.48,259.68,240.45
229.86,274.93,117.26,181.30,239.32,144.44,289.65,257.63,168.57,61.25,161.03,77.95,133.84,94.35,247.62,92.63,185.61,34.61,231.10,145.69,136.47,141.87,219.58,140.73,226.49,99.23,288.96,162.93,183.40,214.61,183.70,177.95,20.68,148.68,262.70,278.67,100.71,218.32,260.38,143.29,187.40,199.18,285.72,154.97,237.92,72.34,184.01,147.60,84.32,23.81,185.52,246.57,246.00,129.07,70.63,284.13,126.88,117.38,192.15,143.22,116.28,110.99,129.83,211.89,23.22,76.81,91.58,299.88,267.54,137.93,216.34,86.00,282.94,279.85,65.35,279.95,134.92,157.84,213.89,154.02,180.42,145.32,38.82,174.13,33.79,48.13,212.42,151.47,171.16,67.12,211.85,40.14,90.93,272.84,27.19,228.85,64.40,253.30,190.18,29.46
22.38,181.11,242.27,219.94,102.75,222.71,97.82,158.62,81.93,52.38,288.87,201.51,82.76,54.48,92.08,123.97,262.33,211.07,120.83,111.30,86.56,51.54,261.16,152.07,284.94,238.35,214.10,116.92,151.84,86.45,243.87,150.56,240.96,43.00,108.10,44.59,185.21,222.64,239.74,123.71,58.31,291.17,73.19,110.42,105.32,235.60,254.22,99.92,99.33,213.14,260.51,62.37,295.46,211.29,104.45,234.34,33.16,274.80,153.56,79.52,209.31,46.06,152.95,282.89,198.79,46.45,265.37,252.24,227.10,65.75,192.97,239.95,219.78,113.41,285.99,75.81,142.66,134.81,270.99,78.43,235.91,169.01,190.21,25.22,209.08,82.96,147.06,153.20,289.37,150.33,136.91,232.89,137.68,265.16,168.19,264.04,206.47,202.29,178.29,158.95
121.79,244.26,199.15,46.76,209.56,33.58,293.28,109.89,52.98,84.91,286.11,158.27,293.58,111.24,32.09,277.29,277.03,118.85,204.88,92.02,195.01,37.99,116.95,128.52,107.18,157.35,204.26,160.00,145.17,205.44,256.84,144.38,152.44,263.36,22.29,135.45,26.22,125.43,92.57,175.94,150.30,48.73,169.10,214.22,35.69,29.12,267.69,178.71,50.44,221.11,259.86,290.77,252.39,230.04,265.94,156.50,156.17,209.27,265.12,78.45,140.78,231.37,99.14,35.57,135.34,292.32,200.90,237.77,48.34,168.10,265.48,266.36,294.27,250.92,264.73,77.48,27.30,203.55,213.15,276.87,176.01,138.74,281.62,75.71,151.23,32.18,242.49,194.64,101.21,170.96,212.41,241.58,48.89,73.92,166.37,218.88,266.40,172.50,105.31,260.19
289.03,89.74,188.61,110.02,260.68,134.42,275.89,152.97,224.98,116.51,167.51,213.32,73.29,68.80,44.35,118.63,185.00,50.28,61.92,240.37,142.35,44.96,109.33,149.52,86.22,209.71,245.95,236.94,178.96,147.68,279.46,52.06,163.05,109.90,144.70,199.17,181.83,219.78,25.13,154.50,213.65,242.45,51.92,108.77,183.83,127.89,129.25,65.28,81.35,98.66,220.90,136.29,78.89,37.57,177.20,77.54,185.16,172.67,114.24,85.61,142.27,113.99,113.43,283.78,185.35,204.89,74.23,132.07,92.36,279.28,148.43,276.16,160.65,293.00,213.13,182.79,202.02,48.08,195.18,104.72,236.99,132.56,264.19,121.93,99.47,161.42,148.34,35.84,235.15,129.46,148.50,219.01,33.52,90.46,81.69,167.55,259.49,153.65,106.00,48.62
20.75,99.18,150.02,119.89,148.57,143.13,146.05,207.84,124.13,249.59,244.27,84.82,51.59,273.36,67.98,201.57,262.43,21.44,94.58,100.73,213.21,200.72,174.86,275.60,296.36,39.02,264.05,79.73,63.16,238.69,197.25,36.75,80.28,219.36,23.00,99.80,146.36,275.53,258.10,80.74,105.70,165.15,142.14,235.40,286.35,194.04,51.40,143.66,173.21,287.45,116.63,207.47,23.16,142.28,31.34,86.37,151.40,182.78,265.47,71.75,106.42,176.02,79.55,274.11,264.70,268.32,221.68,298.95,251.34,158.88,226.85,46.84,277.05,295.57,259.96,29.97,66.26,49.54,139.18,30.67,284.14,183.81,178.91,144.88,114.60,155.60,164.91,214.82,66.27,181.06,182.16,122.76,290.00,228.63,219.02,264.48,114.89,79.55,142.72,187.31
176.13,81.71,95.23,279.21,42.71,161.13,152.91,127.34,239.41,278.32,299.24,54.37,32.00,97.08,211.10,133.27,150.45,299.84,157.57,276.30,135.27,143.24,236.01,272.41,247.62,152.00,215.45,93.86,41.61,64.25,26.74,144.46,203.58,29.36,34.51,165.83,283.08,59.59,209.98,203.25,105.67,41.25,190.57,144.11,107.35,238.43,133.38,192.78,91.75,41.93,63.44,122.94,225.47,183.98,125.34,152.80,182.87,67.38,96.10,97.42,48.85,75.94,176.60,83.37,182.96,26.72,68.67,191.23,183.64,97.19,194.51,66.46,248.91,90.09,150.85,285.25,181.78,230.64,228.75,126.79,48.05,115.35,29.46,93.97,30.16,137.47,22.53,232.99,289.65,28.87,181.79,95.73,166.64,284.07,234.28,228.97,102.15,243.01,48.70,218.10
133.17,142.43,157.15,235.11,107.22,110.58,165.69,94.98,144.91,204.90,297.16,93.36,93.40,130.35,204.54,279.35,285.73,114.65,136.84,142.17,117.70,108.32,39.99,172.63,205.45,297.64,193.37,190.92,123.71,36.10,191.97,55.15,228.30,231.16,49.43,97.74,249.57,289.41,224.56,132.37,251.62,102.01,262.55,31.99,298.02,50.95,276.25,258.71,102.10,149.46,80.05,154.70,70.63,101.93,30.96,174.52,222.59,76.64,191.40,33.46,43.37,172.45,36.60,148.02,37.94,117.80,266.59,228.99,135.80,118.08,122.12,56.89,129.38,184.50,257.42,211.11,198.63,38.81,59.97,46.44,73.44,236.72,193.70,143.86,23.25,207.07,171.03,43.19,216.21,95.55,155.52,109.26,110.32,36.53,33.37,237.78,20.92,100.53,286.36,243.66
165.15,227.81,284.26,283.16,144.83,110.28,229.48,134.85,63.34,74.25,172.07,162.57,149.73,123.61,111.03,72.71,210.92,160.87,123.42,237.67,197.08,231.57,200.44,195.00,135.31,98.69,84.71,271.63,76.24,208.39,73.03,282.90,74.89,259.36,281.83,77.93,268.37,50.65,216.00,161.93,289.11,154.66,39.16,55.35,110.01,151.31,288.22,155.60,280.40,275.74,67.24,277.40,91.45,254.31,293.08,40.15,210.80,139.35,147.44,176.45,284.72,197.00,297.71,290.27,259.77,215.76,84.91,180.43,85.47,287.19,288.46,113.12,33.47,251.78,118.59,109.46,182.39,20.13,124.99,136.58,291.82,64.35,62.17,193.42,41.89,193.90,134.08,20.74,143.38,226.85,57.13,71.40,85.65,129.17,285.77,39.75,250.07,244.21,150.39,58.09
191.40,222.53,63.47,215.70,277.75,73.06,55.19,206.72,154.71,259.10,164.46,249.85,130.63,74.91,125.13,120.67,103.86,85.57,128.24,292.06,157.67,58.87,85.85,118.83,72.76,227.69,241.38,244.72,276.41,260.45,182.61,159.81,244.18,290.34,28.55,120.89,207.04,120.09,233.59,241.70,211.20,64.36,281.10,111.88,293.71,118.56,65.02,100.74,248.06,106.28,187.43,214.84,105.23,205.86,63.25,196.48,203.36,29.16,102.35,21.70,241.88,145.05,139.51,147.93,133.20,66.10,205.35,276.85,296.27,243.12,128.84,177.56,23.56,119.68,207.97,270.46,50.94,45.68,63.21,60.50,239.66,219.26,273.26,102.31,210.29,122.08,58.50,240.09,195.04,216.90,65.62,200.62,106.61,90.43,201.92,26.81,273.19,65.52,137.39,172.28
253.76,82.49,278.41,103.02,170.61,67.35,194.26,63.88,43.56,157.66,215.33,72.27,35.32,31.90,20.41,85.44,262.62,146.59,278.49,89.83,295.34,250.96,239.48,186.76,74.85,286.47,246.90,253.07,268.12,92.20,263.46,157.29,202.93,289.02,271.63,89.91,225.46,252.23,143.58,49.95,107.97,225.57,184.41,236.05,271.03,111.28,212.63,47.14,206.06,30.01,90.56,145.48,256.65,61.61,238.37,178.08,147.99,199.83,116.49,298.48,50.94,58.80,267.53,81.35,37.10,269.49,37.48,260.73,168.56,169.62,56.64,196.50,123.69,121.52,215.18,262.98,224.79,210.93,268.11,272.07,226.18,249.69,87.57,210.75,156.98,257.74,289.08,94.84,207.98,259.36,210.86,212.67,248.90,216.72,251.57,297.53,172.33,206.46,192.26,98.94
253.30,128.16,287.33,251.56,63.41,36.75,59.25,238.02,224.16,188.64,70.78,145.94,169.86,291.74,81.21,118.41,199.95,78.94,70.15,143.83,165.84,212.72,232.88,263.29,114.89,161.15,261.74,149.74,58.70,141.92,235.56,151.43,88.62,283.60,105.32,165.40,118.88,136.75,200.13,154.74,48.60,162.42,103.47,196.68,70.87,182.96,146.01,246.29,114.93,48.02,43.87,146.11,165.00,125.04,240.50,206.28,178.32,191.12,233.75,190.22,82.37,133.72,58.12,263.96,81.21,188.07,35.00,108.98,270.60,242.38,46.05,176.26,127.53,57.83,249.12,263.57,161.28,73.19,137.46,29.10,216.74,272.91,24.39,203.34,44.90,84.80,169.89,109.57,21.65,295.17,67.93,167.66,164.38,285.86,235.77,175.61,226.19,257.03,110.56,53.93
247.12,73.58,115.53,266.78,206.23,44.34,88.13,63.49,28.91,80.73,201.33,23.91,289.48,85.40,101.71,29.75,39.49,299.65,113.58,210.32,230.27,158.20,149.54,114.06,216.54,167.12,139.53,62.47,206.94,142.34,49.20,116.02,32.79,54.51,298.20,241.59,296.57,283.34,288.17,154.05,209.59,23.46,126.36,209.10,63.09,270.64,50.01,254.62,192.27,260.74,82.71,198.46,82.41,93.20,51.80,259.20,244.60,98.84,70.32,243.54,149.77,111.82,210.80,127.78,223.85,78.62,179.03,264.97,247.19,284.19,25.91,279.98,87.32,284.44,91.46,72.42,195.76,223.47,289.39,104.33,146.58,189.33,250.67,238.84,284.27,171.76,250.07,244.95,77.94,116.41,75.96,31.81,258.06,272.54,137.86,122.17,151.80,195.96,296.43,264.05
65.51,265.60,155.74,245.43,256.63,125.90,27.87,122.15,28.39,163.93,285.77,267.83,127.37,231.84,224.67,181.75,217.27,272.94,98.75,69.20,110.08,191.08,155.11,208.24,144.79,202.33,44.83,141.53,200.78,101.56,110.45,25.68,240.27,155.96,66.64,196.48,53.45,150.19,57.72,209.46,72.96,287.07,188.46,26.20,137.54,64.93,189.46,234.26,106.37,209.15,263.95,273.48,54.41,119.42,96.44,179.76,248.51,200.30,295.25,31.06,75.73,258.38,129.95,238.06,292.07,185.27,206.47,127.66,271.78,207.69,189.11,27.74,158.49,298.63,145.78,287.97,294.80,200.99,104.03,74.73,172.92,49.39,161.69,204.16,142.92,62.13,245.55,171.52,95.71,24.39,172.37,234.82,121.90,205.09,242.79,151.52,95.64,135.86,233.14,81.15
91.45,120.72,195.71,87.42,158.60,197.81,166.09,21.88,160.06,119.60,32.83,276.25,201.84,275.75,105.54,278.75,143.61,110.53,255.65,32.25,224.86,262.04,263.97,28.89,266.86,220.28,256.74,206.87,229.73,192.91,151.81,280.02,50.93,37.85,206.32,208.61,255.73,201.59,44.52,266.23,47.76,145.84,196.22,197.06,145.47,112.54,104.32,292.57,115.22,182.76,182.05,179.84,193.94,93.48,114.80,39.73,179.88,86.89,68.00,253.35,182.93,176.32,63.68,144.54,175.45,142.64,169.48,24.17,75.87,80.72,125.88,283.41,171.54,91.78,220.67,81.27,64.13,103.41,101.98,137.97,220.01,182.10,157.90,285.58,29.03,133.12,211.77,109.72,153.12,28.42,76.91,42.84,291.78,228.43,202.94,20.59,150.62,218.26,190.32,164.04
252.22,113.86,254.89,128.72,182.57,165.55,134.94,94.60,145.52,53.97,116.36,182.33,37.28,228.20,178.88,290.20,45.45,83.48,170.67,155.80,159.55,115.71,262.51,34.37,264.25,237.36,240.77,274.88,178.67,262.44,133.43,211.60,105.35,245.79,29.71,256.69,52.91,63.65,231.85,86.30,157.57,159.61,125.07,281.11,177.88,220.77,269.28,192.13,214.56,143.87,298.73,237.25,290.23,55.63,26.41,166.58,224.82,253.23,257.67,100.35,232.56,64.06,165.40,85.91,84.87,103.92,106.07,113.75,275.74,212.32,21.23,132.40,66.21,221.94,295.11,159.66,294.68,97.25,182.69,172.64,242.86,93.19,92.57,119.35,183.55,57.91,287.38,148.97,160.94,135.01,128.44,147.78,87.87,61.41,142.17,209.41,119.80,50.24,166.71,166.74
67.30,116.07,241.01,29.00,46.61,216.19,180.29,182.07,148.15,44.05,34.81,110.77,35.86,178.28,210.13,193.12,224.21,286.58,290.89,99.94,101.65,228.15,297.20,135.60,71.88,224.06,127.88,42.41,229.62,134.28,185.58,213.73,249.84,194.00,282.06,155.74,168.48,105.15,56.93,195.99,101.93,219.97,193.79,98.77,176.07,296.74,267.05,136.70,212.47,71.32,22.84,255.07,135.96,70.82,108.28,278.33,269.87,202.26,45.78,221.04,269.24,277.31,128.19,67.43,289.06,246.92,141.16,196.98,131.31,148.03,111.78,35.58,299.19,87.07,101.23,110.99,88.40,111.22,178.66,42.16,40.03,149.37,215.05,80.86,165.65,143.33,146.63,216.45,187.20,151.49,95.70,183.87,58.47,136.46,57.73,109.08,198.29,240.30,85.97,199.71
96.54,136.34,276.02,48.32,295.50,199.87,190.51,80.06,74.48,278.41,64.88,68.08,216.09,217.24,131.55,274.11,277.38,255.58,24.50,104.60,101.30,38.37,270.06,297.93,60.14,99.88,27.48,52.32,159.87,123.02,138.64,206.53,47.35,257.37,262.37,65.63,197.75,213.30,68.66,124.94,213.83,208.45,254.83,57.11,110.40,230.80,89.65,170.39,58.44,63.97,91.67,102.31,31.70,259.64,32.30,233.58,100.36,131.56,181.83,82.92,41.48,287.99,251.91,232.63,169.66,198.54,262.02,128.88,49.28,255.47,37.57,277.20,222.14,144.72,192.30,169.81,132.44,55.99,246.33,184.57,216.71,78.36,76.36,254.92,173.26,146.80,46.11,139.33,217.00,49.02,28.17,174.89,108.52,273.68,185.92,104.13,107.89,56.14,142.54,39.16
143.38,53.74,209.61,202.30,254.74,278.27,203.09,63.20,162.32,283.53,75.80,129.01,229.46,233.72,285.83,89.21,260.32,34.70,60.82,284.05,266.61,37.06,38.94,118.54,131.99,150.99,173.58,56.58,296.20,288.20,134.48,156.56,121.68,202.19,215.81,169.91,278.80,117.07,92.82,203.59,65.52,181.63,110.52,58.45,108.61,76.71,196.26,34.48,249.13,183.59,259.98,64.88,152.22,207.02,60.83,23.91,284.04,238.61,239.02,277.75,181.87,199.64,78.51,151.71,64.13,47.68,91.49,148.66,198.71,161.21,270.45,111.52,257.11,142.00,58.65,262.44,157.01,59.21,72.68,40.21,200.38,121.68,290.60,170.76,88.73,184.89,293.48,26.48,67.55,279.88,26.88,289.74,195.79,84.87,45.11,49.16,254.57,250.00,253.48,288.98
129.37,276.43,65.22,282.98,88.22,134.24,164.30,244.89,129.00,115.64,295.18,40.88,27.16,35.87,275.97,85.18,32.23,224.05,199.32,241.69,166.64,69.60,101.37,37.13,217.08,201.35,210.57,293.74,36.86,38.22,226.75,292.37,171.96,247.55,190.63,281.07,75.89,121.39,191.57,75.61,253.56,243.42,221.30,193.63,81.38,263.60,181.72,79.33,226.34,28.87,81.05,83.52,101.67,29.62,255.92,47.26,252.18,70.48,255.47,28.15,239.65,169.18,80.56,133.82,47.18,58.43,122.78,135.48,237.28,231.76,87.23,71.49,67.13,185.40,182.55,49.38,115.31,264.83,283.84,292.14,214.21,30.56,155.85,88.09,268.63,31.86,51.63,100.14,216.24,282.14,128.69,115.66,239.16,271.50,44.53,296.11,162.73,298.39,23.56,269.47
